<?xml version="1.0"?>
<!DOCTYPE module PUBLIC
        "-//Puppy Crawl//DTD Check Configuration 1.3//EN"
        "http://checkstyle.sourceforge.net/dtds/configuration_1_3.dtd">

<!--
  Checkstyle configuration that checks the BP3 coding conventions.

  Checkstyle is very configurable. Be sure to read the documentation at
  http://checkstyle.sf.net (or in your downloaded distribution).

  Most Checks are configurable, be sure to consult the documentation.

  To completely disable a check, just comment it out or delete it from the file.

  Finally, it is worth reading the documentation.
-->

<module name="Checker">
    <property name="charset" value="UTF-8"/>
    <property name="severity" value="error"/>

    <property name="fileExtensions" value="java, properties, xml"/>
    <property name="basedir" value="${basedir}"/>

    <module name="SuppressionFilter">
        <property name="file" value="config/checkstyle/suppressions.xml"/>
    </module>

    <module name="SuppressWarningsFilter" />

    <property name="fileExtensions" value="java, properties, xml"/>

    <!-- Checks whether files end with a new line.                        -->
    <!-- See http://checkstyle.sf.net/config_misc.html#NewlineAtEndOfFile -->
    <module name="NewlineAtEndOfFile"/>

    <!-- Checks that property files contain the same keys.         -->
    <!-- See http://checkstyle.sf.net/config_misc.html#Translation -->
    <module name="Translation"/>

    <!-- Checks for Size Violations.                    -->
    <!-- See http://checkstyle.sf.net/config_sizes.html -->
    <module name="FileLength"/>

    <!-- Checks for whitespace                               -->
    <!-- See http://checkstyle.sf.net/config_whitespace.html -->
    <module name="FileTabCharacter"/>

    <!-- Miscellaneous other checks.                   -->
    <!-- See http://checkstyle.sf.net/config_misc.html -->
    <module name="RegexpSingleline">
        <property name="format" value="\s+$"/>
        <property name="minimum" value="0"/>
        <property name="maximum" value="0"/>
        <property name="message" value="Line has trailing spaces."/>
    </module>

    <!-- Prohibit @author tags in javadoc -->
    <module name="RegexpSingleline">
        <property name="severity" value="error"/>
        <property name="format" value="^\s*\*\s*@author"/>
    </module>

    <module name="RegexpMultiline">
      <property name="format" value="\{\s*\n\s*\n"/>
      <property name="message" value="Blank lines are not allowed at the start of a block"/>
    </module>

    <module name="RegexpMultiline">
      <property name="format" value="\n\s*\n\s*\}"/>
      <property name="message" value="Blank lines are not allowed at the end of a block"/>
    </module>

    <module name="TreeWalker">
        <module name="SuppressWarningsHolder" />

        <!-- Checks for Javadoc comments.                     -->
        <!-- See http://checkstyle.sf.net/config_javadoc.html -->
        <!--<module name="JavadocMethod">-->
            <!--<property name="minLineCount" value="2"/>-->
            <!--<property name="allowMissingPropertyJavadoc" value="true"/>-->
            <!--<property name="allowMissingReturnTag" value="true"/>-->
            <!--<property name="tokens" value="METHOD_DEF,ANNOTATION_FIELD_DEF"/>-->
        <!--</module>-->
        <!--<module name="JavadocType"/>-->
        <module name="JavadocStyle"/>

        <!-- Checks for Naming Conventions.                  -->
        <!-- See http://checkstyle.sf.net/config_naming.html -->
        <module name="ConstantName"/>
        <module name="LocalFinalVariableName"/>
        <module name="LocalVariableName"/>
        <module name="MemberName"/>
        <module name="MethodName"/>
        <module name="PackageName"/>
        <module name="ParameterName"/>
        <module name="StaticVariableName"/>
        <module name="TypeName"/>
        <module name="Indentation">
            <property name="basicOffset" value="4"/>
            <property name="braceAdjustment" value="0"/>
            <property name="caseIndent" value="4"/>
            <property name="throwsIndent" value="8"/>
            <property name="lineWrappingIndentation" value="4"/>
            <property name="arrayInitIndent" value="4"/>
        </module>

        <!-- Checks for imports                              -->
        <!-- See http://checkstyle.sf.net/config_import.html -->
        <module name="AvoidStarImport">
            <property name="excludes" value="org.hamcrest.Matchers"/>
        </module>
        <module name="IllegalImport"/> <!-- defaults to sun.* packages -->
        <module name="RedundantImport"/>
        <module name="UnusedImports">
            <property name="processJavadoc" value="true"/>
        </module>

        <!-- Checks for Size Violations.                    -->
        <!-- See http://checkstyle.sf.net/config_sizes.html -->
        <module name="LineLength">
            <property name="max" value="120"/>
            <property name="ignorePattern" value="^\s+\*\s.*$"/> <!-- Ignore JavaDoc length -->
        </module>

        <module name="MethodLength"/>
        <module name="ParameterNumber">
            <property name="ignoreOverriddenMethods" value="true"/>
            <property name="tokens" value="METHOD_DEF"/>
        </module>
        <!-- Checks for whitespace                               -->
        <!-- See http://checkstyle.sf.net/config_whitespace.html -->
        <module name="EmptyForIteratorPad"/>
        <module name="GenericWhitespace"/>
        <module name="MethodParamPad"/>
        <module name="NoWhitespaceAfter"/>
        <module name="NoWhitespaceBefore"/>
        <module name="OperatorWrap"/>
        <module name="ParenPad"/>
        <module name="TypecastParenPad"/>
        <module name="WhitespaceAfter"/>
        <module name="WhitespaceAround"/>
        <module name="EmptyLineSeparator">
            <property name="allowMultipleEmptyLinesInsideClassMembers" value="false"/>
            <property name="allowNoEmptyLineBetweenFields" value="true"/>
            <property name="tokens" value="IMPORT,CLASS_DEF,INTERFACE_DEF,ENUM_DEF,INSTANCE_INIT,METHOD_DEF,CTOR_DEF,VARIABLE_DEF"/>
        </module>

        <!-- Modifier Checks                                    -->
        <!-- See http://checkstyle.sf.net/config_modifiers.html -->
        <module name="ModifierOrder"/>
        <module name="RedundantModifier"/>

        <!-- Checks for blocks. You know, those {}'s         -->
        <!-- See http://checkstyle.sf.net/config_blocks.html -->
        <module name="AvoidNestedBlocks">
            <property name="allowInSwitchCase" value="true" />
        </module>
        <module name="EmptyBlock"/>
        <module name="LeftCurly"/>
        <module name="NeedBraces"/>
        <module name="RightCurly"/>

        <!-- Checks for common coding problems               -->
        <!-- See http://checkstyle.sf.net/config_coding.html -->
        <!--<module name="AvoidInlineConditionals"/>-->
        <module name="EmptyStatement"/>
        <module name="EqualsHashCode"/>
        <module name="HiddenField">
            <!-- Ignore all parameters for now since we can't ignore the builder pattern (with* methods) -->
            <property name="ignoreFormat" value="." />
            <property name="ignoreSetter" value="true" />
            <property name="ignoreConstructorParameter" value="true" />
            <property name="setterCanReturnItsClass" value="true" />
        </module>
        <module name="IllegalInstantiation"/>
        <module name="InnerAssignment"/>
        <module name="MagicNumber"/>
        <module name="MissingSwitchDefault"/>
        <module name="SimplifyBooleanExpression"/>
        <module name="SimplifyBooleanReturn"/>

        <!-- Checks for class design                         -->
        <!-- See http://checkstyle.sf.net/config_design.html -->
        <module name="FinalClass"/>
        <module name="HideUtilityClassConstructor"/>
        <module name="InterfaceIsType"/>
        <module name="VisibilityModifier">
            <property name="protectedAllowed" value="true"/>
        </module>
        <module name="DeclarationOrder"/>

        <!-- Miscellaneous other checks.                   -->
        <!-- See http://checkstyle.sf.net/config_misc.html -->
        <module name="ArrayTypeStyle"/>
        <module name="FinalParameters"/>
        <module name="MultipleVariableDeclarations"/>
        <module name="TodoComment"/>
        <module name="UpperEll"/>

    </module>

</module>
